userId,start time,finish time,clicks,like,comment,photo
2223423422013,,2014-01-14 03:14:57,0,0,0,0
moj109,2014-01-09 11:57:37,2014-01-09 11:59:03,0,0,0,0
moj108,2014-01-09 11:41:41,2014-01-09 11:45:53,0,0,0,0
CINTNL3000838,2014-02-12 17:59:51,2014-02-12 18:08:50,2,0,0,1
SSINL2000259,2014-01-21 05:12:13,2014-01-21 05:14:12,0,0,0,0
moj101,2014-01-09 09:45:28,2014-01-09 09:48:34,0,0,0,0
moj103,2014-01-09 10:06:36,2014-01-09 10:09:14,0,0,0,0
moj102,2014-01-09 09:50:39,2014-01-09 09:53:26,0,0,0,0
moj104,2014-01-09 10:19:13,2014-01-09 10:22:15,0,0,0,0
moj107,,2014-01-09 11:40:14,0,0,0,0
moj106,2014-01-09 11:13:44,2014-01-09 11:16:38,0,0,0,0
CINTNL3000408,2014-02-12 11:57:08,2014-02-12 11:57:52,0,0,0,0
CINTNL3000373,,2014-02-12 11:48:06,0,0,0,0
CINTNL3000278,2014-02-12 08:43:50,0000-00-00 00:00:00,0,0,0,0
GMNL10099,2014-01-20 12:35:35,2014-01-20 12:37:00,0,0,0,0
GMNL10096,2014-01-20 10:33:15,2014-01-20 10:36:41,1,0,0,1
CINTNL3000317,2014-02-12 11:18:12,2014-02-12 11:20:10,0,0,0,0
SSINL2000553,2014-02-12 05:20:35,2014-02-12 05:23:34,0,0,0,0
CINTNL3001095,2014-02-13 15:02:39,2014-02-13 15:09:21,3,0,0,1
CINTNL3000536,2014-02-12 12:50:11,2014-02-12 12:51:45,0,0,0,0
SSINL2000558,2014-02-12 05:18:03,2014-02-12 05:22:02,1,0,0,0
CINTNL3001256,2014-02-15 11:05:16,2014-02-15 11:10:58,0,0,0,0
CINTNL3001199,2014-02-14 12:17:19,2014-02-14 12:20:53,2,0,0,1
CINTNL3001393,2014-02-18 12:31:44,2014-02-18 12:31:56,0,0,0,0
GMNL10023,2014-02-22 01:37:26,2014-02-22 01:37:42,0,0,0,0
GMNL10024,2014-02-22 01:43:05,2014-02-22 01:44:27,0,0,0,0
CINTNL3000909,2014-02-13 04:04:25,2014-02-13 04:08:05,2,0,0,1
GMNL10026,2014-02-22 02:22:30,2014-02-22 02:31:21,7,1,0,1
testing4,,2014-02-23 18:42:19,0,0,0,0
testing5,,2014-02-23 18:42:28,0,0,0,0
GO14110,2014-01-13 13:45:11,2014-01-13 13:49:20,3,0,0,1
testing1,,2014-02-23 18:40:57,0,0,0,0
testing2,,2014-02-23 18:41:07,0,0,0,0
testing3,,2014-02-23 18:41:20,0,0,0,0
SSINL2000703,2014-02-18 12:56:00,0000-00-00 00:00:00,1,0,0,1
michellej28,2014-02-23 13:36:23,2014-02-23 13:38:45,0,0,0,0
michellej29,,2014-02-23 13:43:18,0,0,0,0
michellej20,2014-02-23 13:12:28,2014-02-23 13:14:48,0,0,0,0
mchlljyzy,2014-02-20 22:35:04,2014-02-20 22:35:12,0,0,0,0
mchlljyzz,2014-02-20 22:38:03,2014-02-20 22:39:54,0,0,0,0
michellej23,2014-02-23 13:25:07,2014-02-23 13:26:25,1,0,0,0
michellej24,2014-02-23 13:26:47,2014-02-23 13:31:05,1,0,0,0
michellej25,,2014-02-23 13:32:05,0,0,0,0
michellej26,,2014-02-23 13:32:29,0,0,0,0
michellej27,2014-02-23 13:32:54,2014-02-23 13:34:31,0,0,0,0
SSINL2000913,2014-02-19 12:21:47,2014-02-19 12:24:00,0,0,0,0
SSINL2000912,2014-02-19 12:15:12,2014-02-19 12:17:11,1,0,0,1
SSINL2000179,2014-01-20 18:53:45,2014-01-20 18:55:49,0,0,0,0
SSINL2000853,2014-02-19 07:44:52,2014-02-19 07:45:09,0,0,0,0
SSINL2000075,2014-01-20 13:23:47,2014-01-20 13:24:44,0,0,0,0
CINTNL3001439,2014-02-18 13:30:48,2014-02-18 13:32:31,0,0,0,0
CINTNL3001535,2014-02-18 17:39:22,2014-02-18 17:51:34,1,0,0,1
CINTNL3000002,2014-01-21 12:05:04,2014-01-21 12:07:58,0,0,0,0
CINTNL3150000,,2014-01-19 18:13:09,0,0,0,0
GM14005,2014-01-11 00:26:12,2014-01-11 00:28:52,0,0,0,0
ERNL10094,2014-02-03 17:45:11,2014-02-03 17:48:14,1,0,0,1
SSINL2000214,2014-01-21 04:29:45,2014-01-21 04:35:43,0,0,0,0
SSINL2000218,2014-01-21 04:31:07,2014-01-21 04:35:16,0,0,0,0
CINTNL3000848,2014-02-12 18:52:32,2014-02-12 18:54:30,0,0,0,0
SSINL2000180,2014-01-20 18:54:02,2014-01-20 18:55:19,2,0,0,1
ER14146,2014-01-18 09:19:46,2014-01-18 09:22:18,4,1,1,1
SSINL2000187,2014-01-20 19:40:51,2014-01-20 19:49:26,4,0,1,0
ERNL10067,2014-02-21 02:24:39,0000-00-00 00:00:00,0,0,0,0
ERNL10066,2014-02-21 02:27:55,2014-02-21 02:43:01,1,0,0,1
ERNL10065,2014-02-21 02:48:36,0000-00-00 00:00:00,0,0,0,0
ERNL10064,2014-02-21 02:50:36,2014-02-21 03:01:28,1,0,0,1
CINTNL3000135,2014-02-12 04:27:00,0000-00-00 00:00:00,0,0,0,0
ERNL10068,2014-02-21 02:19:19,2014-02-21 02:22:23,0,0,0,0
GMNL10028,2014-02-22 02:57:27,2014-02-22 03:00:51,1,0,0,1
GMNL10029,2014-02-22 21:37:04,2014-02-22 21:41:15,1,0,0,1
CINTNL3000570,2014-02-12 13:05:57,2014-02-12 13:07:50,0,0,0,0
SSINL2000750,2014-02-18 16:00:16,2014-02-18 16:08:39,0,0,0,0
SSINL2000752,2014-02-18 16:20:41,2014-02-18 16:26:59,5,0,0,0
GMNL10021,2014-02-22 01:12:36,2014-02-22 01:12:53,0,0,0,0
GMNL10022,2014-02-22 01:19:22,2014-02-22 01:20:44,2,1,0,1
GM14100,2014-02-04 14:11:27,2014-02-04 14:16:37,5,0,1,1
SSINL2000690,2014-02-12 12:02:15,2014-02-12 12:06:55,3,0,0,1
GMNL10025,2014-02-22 01:50:02,2014-02-22 01:52:23,4,1,1,0
CINTNL3000475,2014-02-12 12:29:28,2014-02-12 12:31:16,0,0,0,0
GMNL10027,2014-02-22 02:45:52,2014-02-22 02:47:29,0,0,0,0
CINTNL3000344,2014-02-12 11:39:54,2014-02-12 11:42:50,0,0,0,0
test123,,2014-02-20 23:14:57,0,0,0,0
CINTNL3000611,2014-02-12 13:25:37,2014-02-12 13:27:06,0,0,0,0
CINTNL3000610,2014-02-12 14:45:40,2014-02-12 14:47:10,4,1,0,1
CINTNL3000619,2014-02-12 13:56:23,2014-02-12 13:59:53,2,0,0,1
moj10,2014-01-09 19:59:46,0000-00-00 00:00:00,0,0,0,0
CINTNL3000151,2014-02-12 04:55:39,2014-02-12 04:57:34,0,0,0,0
moj1022,,2014-01-09 19:53:23,0,0,0,0
SSINL2000524,2014-02-12 03:46:17,0000-00-00 00:00:00,1,0,0,0
mj4,2014-02-23 16:19:49,2014-02-23 16:31:24,0,0,0,0
SSINL2000874,2014-02-19 10:00:00,2014-02-19 10:06:02,0,0,0,0
mj6,,2014-02-23 16:55:56,0,0,0,0
mj7,2014-02-23 16:56:40,2014-02-23 17:09:54,4,0,0,1
mj1,2014-02-23 15:59:03,2014-02-23 16:11:51,0,0,0,0
mj2,2014-02-23 16:16:30,2014-02-23 16:19:05,1,0,0,0
mj3,,2014-02-23 16:19:32,0,0,0,0
michellej19,2014-02-23 13:02:55,2014-02-23 13:05:20,3,0,0,1
mj8,,2014-02-23 17:10:08,0,0,0,0
mj9,2014-02-23 17:10:35,2014-02-23 17:15:17,1,0,0,1
CINTNL3000088,2014-02-12 03:18:14,2014-02-12 03:21:44,0,0,0,0
SSINL2000030,2014-01-20 11:39:46,0000-00-00 00:00:00,0,0,0,0
CINTNL3000761,2014-02-12 15:44:42,2014-02-12 15:51:23,0,0,0,0
mj55,2014-02-23 19:39:07,2014-02-23 19:39:11,1,0,0,0
CINTNL3000685,2014-02-12 14:24:46,2014-02-12 14:27:28,15,1,0,1
CINTNL3000489,2014-02-12 12:36:49,2014-02-12 12:39:43,1,0,0,0
FF14011,2014-01-13 06:36:18,2014-01-13 06:38:49,0,0,0,0
CINTNL3000485,2014-02-12 12:33:50,2014-02-12 12:36:53,1,0,0,0
SSINL2000145,2014-01-20 16:23:06,2014-01-20 16:41:20,2,0,0,1
mj38,2014-02-23 18:50:17,2014-02-23 18:52:56,1,0,0,1
CINTNL3001567,2014-02-18 20:54:39,2014-02-18 20:59:19,2,0,0,1
mj5,2014-02-23 16:39:31,2014-02-23 16:48:03,0,0,0,0
mj31,,2014-02-23 18:44:44,0,0,0,0
mj32,,2014-02-23 18:44:55,0,0,0,0
mj33,2014-02-23 18:47:06,2014-02-23 18:47:10,0,0,0,0
mj35,,2014-02-23 18:49:31,0,0,0,0
mj36,,2014-02-23 18:49:40,0,0,0,0
mj37,,2014-02-23 18:49:50,0,0,0,0
SSINL2000419,2014-01-21 09:44:58,2014-01-21 09:48:15,0,0,0,0
SSINL2000364,2014-01-21 08:01:46,2014-01-21 08:04:23,4,1,0,0
CINTNL3000438,2014-02-12 12:45:20,2014-02-12 12:46:32,0,0,0,0
SSINL2000242,2014-01-21 04:48:27,0000-00-00 00:00:00,0,0,0,0
CINTNL3000385,2014-02-12 12:11:47,0000-00-00 00:00:00,0,0,0,0
SSINL2000286,2014-01-21 06:12:31,2014-01-21 06:17:17,4,0,0,1
ER14131,2014-01-09 17:27:06,2014-01-09 17:30:36,0,0,0,0
ER14130,2014-01-09 17:23:53,2014-01-09 17:23:57,0,0,0,0
ER14133,,2014-01-09 17:37:17,0,0,0,0
ER14132,,2014-01-09 17:33:37,0,0,0,0
ER14135,,2014-01-09 17:49:35,0,0,0,0
ER14134,2014-01-09 17:39:52,2014-01-09 17:44:27,2,1,0,1
ER14137,2014-01-10 08:05:59,2014-01-10 08:06:22,0,0,0,0
ER14136,2014-01-09 17:51:51,0000-00-00 00:00:00,1,1,0,0
SSINL2000406,2014-01-21 09:10:57,2014-01-21 09:11:27,0,0,0,0
SSINL2000768,2014-02-18 19:36:39,0000-00-00 00:00:00,0,0,0,0
CINTNL3001140,2014-02-14 03:21:34,2014-02-14 03:23:25,0,0,0,0
GMNL10010,,2014-02-03 00:47:32,0,0,0,0
GMNL10013,2014-02-03 23:08:02,2014-02-03 23:12:18,2,0,0,1
GMNL10012,2014-02-03 01:04:15,2014-02-03 01:07:27,1,0,0,1
GMNL10015,2014-02-04 00:03:11,2014-02-04 00:06:32,1,0,0,1
GMNL10014,2014-02-03 23:28:39,2014-02-03 23:32:33,2,0,0,1
GMNL10017,2014-02-04 00:44:31,2014-02-04 00:48:27,1,0,0,1
GMNL10016,2014-02-04 00:27:52,2014-02-04 00:31:42,1,0,0,1
GMNL10019,2014-02-04 12:36:14,2014-02-04 12:53:48,4,1,0,1
GMNL10018,2014-02-04 01:48:22,2014-02-04 01:50:55,1,0,0,1
CINTNL3001384,2014-02-18 12:11:34,2014-02-18 12:23:06,7,0,0,1
CINTNL3000912,2014-02-13 04:06:45,2014-02-13 04:08:48,0,0,0,0
CINTNL3001390,2014-02-18 12:32:36,0000-00-00 00:00:00,7,0,0,1
CINTNL3001030,2014-02-13 10:45:20,2014-02-13 11:05:45,5,1,0,1
michellej18,2014-02-23 12:46:53,2014-02-23 12:48:41,0,0,0,0
michellej17,2014-02-23 12:40:46,2014-02-23 12:44:40,0,0,0,0
SSINL2000841,2014-02-19 06:54:17,2014-02-19 06:55:41,0,0,0,0
SSINL2000842,2014-02-19 06:57:37,2014-02-19 06:59:39,1,0,0,0
SSINL2000104,2014-01-20 14:22:56,2014-01-20 14:25:04,0,0,0,0
CINTNL3000964,2014-02-13 06:44:57,2014-02-13 06:48:02,0,0,0,0
CINTNL3001529,2014-02-18 15:51:49,2014-02-18 15:56:38,0,0,0,0
CINTNL3000969,2014-02-13 06:50:39,2014-02-13 06:53:34,0,0,0,0
GMNL10037,2014-02-22 23:55:30,2014-02-22 23:58:48,0,0,0,0
CINTNL3000030,2014-02-11 23:25:13,2014-02-11 23:26:04,0,0,0,0
CINTNL3000036,2014-02-12 00:51:51,2014-02-12 00:55:33,0,0,0,0
CINTNL3000239,2014-02-12 07:17:14,2014-02-12 07:19:08,29,1,1,1
CINTNL3000869,2014-02-13 01:46:26,2014-02-13 01:50:00,1,0,0,1
ERNL10081,2014-02-06 08:31:29,2014-02-06 08:39:22,1,1,0,0
ERNL10080,2014-02-06 08:19:55,2014-02-06 08:26:08,4,1,1,1
ERNL10083,2014-02-06 16:56:18,0000-00-00 00:00:00,0,0,0,0
ERNL10082,2014-02-06 16:51:05,0000-00-00 00:00:00,0,0,0,0
CINTNL3000578,2014-02-12 13:16:34,2014-02-12 13:18:26,0,0,0,0
SSINL2000202,2014-01-21 02:24:13,2014-01-21 02:24:52,0,0,0,0
SSINL2000204,2014-01-21 03:03:25,2014-01-21 03:06:51,0,0,0,0
undefined,,2014-02-07 09:12:08,0,0,0,0
ERNL10078,2014-02-07 09:29:24,0000-00-00 00:00:00,0,0,0,0
ERNL10079,2014-02-07 09:15:44,2014-02-07 09:19:26,5,1,1,1
SSINL2000191,2014-01-20 20:48:56,2014-01-20 20:50:08,4,0,1,1
mj62,2014-02-23 21:49:28,2014-02-23 21:55:05,3,0,0,1
CINTNL3000109,2014-02-12 03:39:36,2014-02-12 03:48:03,0,0,0,0
mj60,,2014-02-23 21:06:13,0,0,0,0
ERNL10070,2014-02-11 11:03:44,2014-02-11 11:07:17,2,1,0,0
ERNL10071,2014-02-09 16:02:28,2014-02-09 17:10:00,3,1,1,1
ERNL10072,2014-02-09 15:59:49,0000-00-00 00:00:00,0,0,0,0
ERNL10073,2014-02-09 15:26:23,2014-02-09 15:32:38,2,0,0,0
ERNL10074,2014-02-07 12:49:36,2014-02-07 12:54:39,3,0,1,0
ERNL10075,2014-02-07 12:38:46,2014-02-07 12:47:03,6,0,0,1
ERNL10076,2014-02-07 09:45:52,2014-02-07 09:56:21,1,0,0,1
ERNL10077,2014-02-07 09:38:14,2014-02-07 09:42:29,5,1,1,0
GMNL10046,2014-02-24 01:37:59,2014-02-24 01:44:18,1,0,0,1
GMNL10047,2014-02-24 19:21:13,2014-02-24 19:26:00,2,1,0,1
CINTNL3000584,,2014-02-12 13:18:58,0,0,0,0
2223423324324422013,,2014-01-13 16:54:03,0,0,0,0
SSINL2000338,2014-01-21 07:08:46,2014-01-21 07:11:03,0,0,0,0
SSINL2000337,2014-01-21 07:16:20,2014-01-21 07:20:06,3,0,0,0
CINTNL3001186,2014-02-14 10:25:38,2014-02-14 10:27:37,0,0,0,0
CINTNL3000816,2014-02-12 16:50:33,2014-02-12 16:51:25,0,0,0,0
MIT001,2014-02-23 19:34:59,2014-02-23 19:35:41,1,0,0,1
2141124,2014-02-17 12:01:59,2014-02-17 12:05:59,0,0,0,0
SSINL2000685,2014-02-12 14:43:41,2014-02-12 14:46:25,0,0,0,0
SSINL2000683,2014-02-12 11:24:44,2014-02-12 11:30:17,1,0,0,0
CINTNL3000352,2014-02-12 11:42:52,2014-02-12 11:45:29,0,0,0,0
CINTNL3000219,2014-02-12 06:39:00,2014-02-12 06:39:45,0,0,0,0
CINTNL3001306,2014-02-16 19:53:28,2014-02-16 19:53:53,0,0,0,0
CINTNL3001305,2014-02-16 19:09:58,2014-02-16 19:22:22,15,1,0,1
CINTNL3001302,2014-02-16 16:24:10,2014-02-16 16:32:44,1,0,0,0
SSINL2000533,2014-02-12 04:34:15,2014-02-12 04:37:25,0,0,0,0
moj1011,2014-01-09 12:17:01,2014-01-09 12:20:22,2,0,0,1
moj1010,2014-01-09 12:08:54,2014-01-09 12:13:26,1,0,0,1
SSINL2000432,2014-01-21 10:03:40,2014-01-21 10:05:17,0,0,0,0
CINTNL3001274,2014-02-16 04:35:41,2014-02-16 04:44:40,2,0,0,1
SSINL2000495,2014-01-21 12:12:02,2014-01-21 12:14:11,1,0,0,1
CINTNL3000074,2014-02-12 02:45:05,2014-02-12 02:51:53,10,0,0,0
CINTNL3000399,2014-02-12 11:59:34,2014-02-12 12:01:07,0,0,0,0
CINTNL3000671,2014-02-12 14:17:03,2014-02-12 14:20:18,3,0,0,1
CINTNL3000670,2014-02-12 14:06:44,2014-02-12 14:08:31,0,0,0,0
SSINL2000890,2014-02-19 10:47:41,2014-02-19 10:48:47,0,0,0,0
ERNL10043,2014-02-25 14:15:33,2014-02-25 14:27:54,11,1,1,1
CINTNL3001630,2014-02-19 08:14:35,2014-02-19 08:14:48,0,0,0,0
12313,,2014-01-08 18:55:02,0,0,0,0
CINTNL3001456,2014-02-18 13:38:22,2014-02-18 13:40:14,0,0,0,0
SSINL2000799,2014-02-19 04:49:57,2014-02-19 04:51:09,0,0,0,0
SSINL2000654,2014-02-12 10:05:39,2014-02-12 10:06:52,0,0,0,0
SSINL2000657,2014-02-12 10:16:06,2014-02-12 10:19:15,3,0,0,1
CINTNL3001419,2014-02-18 13:02:56,2014-02-18 13:03:24,0,0,0,0
michellej21,,2014-02-23 13:17:45,0,0,0,0
SSINL2000097,2014-01-20 14:10:49,2014-01-20 14:12:29,0,0,0,0
CINTNL3001411,2014-02-18 15:59:56,2014-02-18 16:18:19,0,0,0,0
michellej22,,2014-02-23 13:22:00,0,0,0,0
mj29,,2014-02-23 18:39:50,0,0,0,0
mj28,2014-02-23 18:39:16,2014-02-23 18:39:23,0,0,0,0
mj61,2014-02-23 21:06:27,2014-02-23 21:49:05,0,0,0,0
mj23,2014-02-23 18:09:17,2014-02-23 18:10:56,0,0,0,0
mj22,2014-02-23 18:05:04,2014-02-23 18:07:26,0,0,0,0
mj21,,2014-02-23 18:04:48,0,0,0,0
mj20,,2014-02-23 18:04:39,0,0,0,0
mj27,2014-02-23 18:32:08,2014-02-23 18:37:20,1,0,0,0
mj26,,2014-02-23 18:31:38,0,0,0,0
mj25,2014-02-23 18:15:33,2014-02-23 18:20:44,1,0,0,1
mj24,,2014-02-23 18:15:15,0,0,0,0
CINTNL3000781,2014-02-12 16:12:09,2014-02-12 16:18:30,1,0,0,1
SSINL2000801,2014-02-19 05:05:01,2014-02-19 05:09:42,0,0,0,0
SSINL2000806,2014-02-19 05:27:17,2014-02-19 05:28:21,0,0,0,0
SSINL2000489,2014-01-21 11:57:52,2014-01-21 11:58:57,0,0,0,0
SSINL2000482,2014-01-21 11:39:58,2014-01-21 11:40:23,0,0,0,0
GM14014,2014-01-13 01:09:00,2014-01-13 01:12:18,2,0,0,1
SSINL2000371,2014-01-21 07:59:44,2014-01-21 08:00:37,0,0,0,0
GM14011,2014-01-13 00:17:25,2014-01-13 00:19:56,0,0,0,0
GM14010,2014-01-12 23:59:36,2014-01-13 00:03:21,3,0,0,1
GM14012,2014-01-13 00:43:20,2014-01-13 00:46:09,0,0,0,0
CINTNL3000859,2014-02-12 20:25:50,2014-02-12 20:48:56,20,0,1,1
CINTNL3001459,2014-02-18 13:34:54,2014-02-18 13:38:03,2,0,0,1
GM14018,2014-01-13 03:33:16,2014-01-13 03:37:30,1,0,0,1
CINTNL3000427,2014-02-12 12:31:31,2014-02-12 12:36:38,2,0,0,1
CINTNL3000396,2014-02-12 11:59:51,2014-02-12 12:01:42,4,0,0,1
ER14124,2014-01-08 17:45:54,2014-01-08 17:50:44,2,1,0,0
ER14125,2014-01-08 19:00:08,2014-01-08 19:02:25,1,1,0,0
ER14122,2014-01-08 17:12:14,2014-01-08 17:14:49,8,1,1,0
ER14123,2014-01-08 17:27:06,2014-01-08 17:31:21,1,1,0,0
ER14121,2014-01-08 17:04:58,2014-01-08 17:09:07,0,0,0,0
CINTNL3000254,2014-02-12 07:52:48,2014-02-12 07:55:22,0,0,0,0
ER14128,2014-01-08 19:33:05,2014-01-08 19:46:43,0,0,0,0
ER14129,2014-01-09 07:24:35,2014-01-09 07:26:52,0,0,0,0
ERNL10040,2014-02-25 13:46:15,2014-02-25 13:57:10,6,1,1,1
FF14004,2014-01-13 14:59:10,0000-00-00 00:00:00,0,0,0,0
ERNL10042,2014-02-25 14:02:56,2014-02-25 14:13:24,3,1,0,0
FF14003,2014-01-12 16:29:50,2014-01-12 16:41:00,4,0,0,0
CINTNL3000158,2014-02-12 05:12:09,2014-02-12 05:14:03,0,0,0,0
FF14009,2014-01-13 04:44:21,2014-01-13 05:21:27,1,0,0,0
ER14062,2014-01-12 18:31:23,2014-01-12 18:31:48,0,0,0,0
SSINL2000470,2014-01-21 11:08:29,2014-01-21 11:11:06,0,0,0,0
SSINL2000473,2014-01-21 11:19:12,2014-01-21 11:21:11,0,0,0,0
CINTNL3000510,2014-02-12 12:41:54,2014-02-12 12:42:52,0,0,0,0
CINTNL3001431,2014-02-18 13:15:18,2014-02-18 13:17:10,0,0,0,0
SSINL2000479,2014-01-21 11:33:10,2014-01-21 11:38:06,3,0,0,1
SSINL2000770,2014-02-18 20:41:49,2014-02-18 20:42:51,0,0,0,0
GMNL10002,2014-02-02 16:26:18,2014-02-02 16:27:57,1,0,0,1
GMNL10003,2014-02-02 17:12:48,2014-02-02 17:13:10,0,0,0,0
GMNL10001,2014-01-20 11:33:21,2014-01-20 11:34:51,0,0,0,0
GMNL10006,2014-02-02 23:06:01,2014-02-02 23:07:05,1,0,0,0
GMNL10007,2014-02-02 23:36:27,2014-02-02 23:41:20,1,0,0,1
GMNL10004,2014-02-02 17:32:53,2014-02-02 17:33:26,0,0,0,0
GMNL10005,2014-02-02 22:41:57,2014-02-02 22:45:00,1,0,0,1
GMNL10008,2014-02-03 00:01:33,2014-02-03 00:03:12,0,0,0,0
GMNL10009,,2014-02-03 00:41:18,0,0,0,0
mchlljy123,2014-02-19 11:49:13,2014-02-19 11:55:20,3,0,0,1
michellej42,2014-02-23 15:54:41,2014-02-23 15:57:51,0,0,0,0
CINTNL3000633,2014-02-12 13:51:20,0000-00-00 00:00:00,0,0,0,0
CINTNL3000637,2014-02-12 14:22:10,2014-02-12 14:23:51,0,0,0,0
GO14001,2014-01-13 11:30:10,2014-01-13 11:36:03,2,0,0,1
SSINL2000503,2014-02-11 19:17:06,2014-02-11 19:29:42,0,0,0,0
CINTNL3001041,2014-02-13 11:24:17,2014-02-13 11:27:15,2,0,0,1
SSINL2000831,2014-02-19 06:54:50,2014-02-19 06:56:35,0,0,0,0
SSINL2000118,2014-01-20 15:01:14,2014-01-20 15:06:24,1,0,0,1
CINTNL3000974,2014-02-13 06:57:03,2014-02-13 07:01:16,2,0,0,1
CINTNL3000740,2014-02-12 15:32:32,2014-02-12 15:35:13,0,0,0,0
CINTNL3000742,2014-02-12 15:16:55,2014-02-12 15:17:54,0,0,0,0
test12,2014-02-20 23:18:21,2014-02-20 23:18:29,0,0,0,0
ERNL10096,2014-02-05 13:23:05,0000-00-00 00:00:00,1,0,0,0
MITYaseminDebug,2014-02-20 22:13:00,0000-00-00 00:00:00,3,0,0,0
ERNL10095,2014-02-05 13:14:36,2014-02-05 13:17:08,7,0,0,1
SSINL2000236,2014-01-21 04:49:15,2014-01-21 04:51:09,0,0,0,0
SSINL2000233,2014-01-21 04:40:09,2014-01-21 04:46:52,1,0,0,0
SSINL2000608,2014-02-12 07:16:59,2014-02-12 07:17:52,0,0,0,0
CINTNL3001463,2014-02-18 13:41:24,2014-02-18 13:42:26,0,0,0,0
mj50,,2014-02-23 19:36:32,0,0,0,0
mj51,2014-02-23 19:37:03,2014-02-23 19:37:07,0,0,0,0
mj57,2014-02-23 20:55:31,2014-02-23 21:05:10,1,0,0,0
CINTNL3001465,2014-02-18 13:53:05,2014-02-18 14:05:38,0,0,0,0
CINTNL3001464,2014-02-18 13:49:26,2014-02-18 13:50:30,0,0,0,0
CINTNL3001581,2014-02-19 02:42:26,2014-02-19 02:50:37,0,0,0,0
SSINL2000935,2014-02-19 13:37:21,2014-02-19 13:38:01,0,0,0,0
SSINL2000934,2014-02-19 13:35:23,2014-02-19 13:37:23,0,0,0,0
SSINL2000936,2014-02-19 13:35:56,0000-00-00 00:00:00,0,0,0,0
ER14021,2014-01-12 09:41:17,2014-01-12 09:42:18,0,0,0,0
SSINL2000308,2014-01-21 06:41:56,0000-00-00 00:00:00,1,0,0,1
SSINL2000307,2014-01-21 06:41:27,2014-01-21 06:42:17,1,0,0,1
CINTNL3000462,2014-02-12 12:27:01,2014-02-12 12:28:20,0,0,0,0
GMNL10048,2014-02-24 19:35:56,2014-02-24 19:40:44,1,0,0,1
GMNL10049,2014-02-04 12:33:14,2014-02-04 12:40:36,1,1,1,1
CINTNL3000419,2014-02-12 12:09:57,2014-02-12 12:11:17,0,0,0,0
CINTNL3000366,2014-02-12 11:46:43,2014-02-12 11:52:06,1,0,0,0
GMNL10044,2014-02-24 01:07:07,2014-02-24 01:12:14,1,0,0,1
GMNL10045,2014-02-24 01:28:35,2014-02-24 01:33:08,1,0,0,1
GMNL10042,2014-02-24 00:18:30,2014-02-24 00:23:42,1,0,0,1
GMNL10043,2014-02-24 00:44:14,2014-02-24 00:49:14,1,0,0,1
GMNL10040,2014-02-23 00:59:21,2014-02-23 01:02:48,2,1,0,1
GMNL10041,2014-02-24 00:02:21,2014-02-24 00:07:45,1,0,0,1
CINTNL3000203,2014-02-12 06:03:00,2014-02-12 06:12:33,1,0,0,0
CINTNL3000160,2014-02-12 05:23:30,2014-02-12 05:25:25,0,0,0,0
test1,2014-02-20 23:20:18,2014-02-20 23:20:23,0,0,0,0
test2,2014-02-20 23:22:34,2014-02-20 23:39:37,0,0,0,0
test5,2014-02-20 23:46:37,2014-02-20 23:48:43,2,0,0,1
test4,2014-02-20 23:44:28,2014-02-20 23:44:34,0,0,0,0
mchlljyz,2014-02-20 22:16:24,2014-02-20 22:16:29,0,0,0,0
SSINL2000548,2014-02-12 08:54:52,2014-02-12 08:55:14,0,0,0,0
SSINL2000424,2014-01-21 09:53:39,2014-01-21 09:56:56,1,0,0,0
SSINL2000423,2014-01-21 09:53:17,2014-01-21 09:55:18,0,0,0,0
CINTNL3000520,2014-02-12 12:53:30,2014-02-12 12:56:31,1,0,0,1
michellej40,2014-02-23 15:42:12,2014-02-23 15:46:01,0,0,0,0
michellej41,2014-02-23 15:50:35,2014-02-23 15:52:55,0,0,0,0
CINTNL3001249,2014-02-15 08:58:33,2014-02-15 09:00:26,0,0,0,0
mchlljy1,2014-02-19 12:03:11,0000-00-00 00:00:00,1,0,0,0
mchlljy3,2014-02-19 12:32:50,2014-02-19 12:36:13,1,0,0,1
mchlljy2,2014-02-19 12:08:22,2014-02-19 12:14:02,4,0,0,1
mchlljy5,,2014-02-19 13:32:00,0,0,0,0
mchlljy4,2014-02-19 12:44:55,2014-02-19 12:50:55,1,0,0,1
SSINL2000010,2014-01-20 10:42:48,2014-01-20 10:43:06,0,0,0,0
mchlljy6,,2014-02-19 13:32:32,0,0,0,0
CINTNL3000933,2014-02-13 05:05:57,2014-02-13 05:09:01,0,0,0,0
SSINL2000018,2014-01-20 11:12:11,2014-01-20 11:22:21,1,0,0,0
CINTNL3000709,2014-02-12 14:33:33,2014-02-12 14:37:45,1,0,0,1
CINTNL3000066,2014-02-12 02:38:37,2014-02-12 02:40:20,0,0,0,0
CINTNL3000704,2014-02-12 14:24:18,2014-02-12 14:25:31,0,0,0,0
SSINL2000881,2014-02-19 10:06:05,2014-02-19 10:09:25,0,0,0,0
michellej39,2014-02-23 15:17:23,2014-02-23 15:19:28,0,0,0,0
michellej38,,2014-02-23 15:17:06,0,0,0,0
michellej33,2014-02-23 13:50:51,2014-02-23 13:52:49,0,0,0,0
michellej32,,2014-02-23 13:50:08,0,0,0,0
michellej31,2014-02-23 13:45:52,2014-02-23 13:47:37,0,0,0,0
michellej30,,2014-02-23 13:44:57,0,0,0,0
michellej37,,2014-02-23 15:16:56,0,0,0,0
michellej36,2014-02-23 14:11:44,2014-02-23 14:13:43,0,0,0,0
michellej35,2014-02-23 13:56:25,2014-02-23 13:58:03,0,0,0,0
michellej34,,2014-02-23 13:55:38,0,0,0,0
SSINL2000642,2014-02-12 09:07:03,2014-02-12 09:12:41,3,0,0,1
SSINL2000641,2014-02-12 09:42:46,2014-02-12 09:52:00,2,0,0,1
CINTNL3001427,2014-02-18 13:15:40,2014-02-18 13:18:00,0,0,0,0
mj17,2014-02-23 17:52:55,2014-02-23 17:55:35,0,0,0,0
mj14,,2014-02-23 17:37:18,0,0,0,0
mj15,2014-02-23 17:37:37,2014-02-23 17:42:49,1,0,0,0
mj12,2014-02-23 17:27:05,2014-02-23 17:28:53,1,0,0,0
CINTNL3001422,2014-02-18 13:05:52,2014-02-18 13:06:16,0,0,0,0
mj10,,2014-02-23 17:21:29,0,0,0,0
mj11,2014-02-23 17:21:57,2014-02-23 17:24:47,2,0,0,1
CINTNL3001429,2014-02-18 13:23:27,2014-02-18 13:25:27,0,0,0,0
mj19,,2014-02-23 18:04:25,0,0,0,0
GO14194,2014-02-17 16:12:42,2014-02-17 16:16:56,3,0,0,1
CINTNL3000795,2014-02-12 16:28:23,2014-02-12 16:33:39,1,0,0,1
12412421313,,2014-01-08 17:54:26,0,0,0,0
CINTNL3000597,2014-02-12 13:23:24,2014-02-12 13:26:56,2,0,0,1
SSINL2000343,2014-01-21 07:19:33,2014-01-21 07:26:24,0,0,0,0
CINTNL3000593,2014-02-12 13:25:19,2014-02-12 13:27:13,0,0,0,0
GM14002,2014-01-10 13:20:47,2014-01-10 13:26:31,2,0,0,1
GM14003,2014-01-10 13:41:33,2014-01-10 13:43:02,0,0,0,0
GM14001,2014-01-10 13:02:05,2014-01-10 13:06:25,0,0,0,0
GM14006,2014-01-11 00:52:58,2014-01-11 00:58:31,0,0,0,0
GM14007,2014-01-12 22:50:23,2014-01-12 22:51:40,0,0,0,0
GM14004,2014-01-11 00:10:57,2014-01-11 00:11:57,0,0,0,0
CINTNL3000142,2014-02-12 04:40:04,2014-02-12 04:41:57,0,0,0,0
GM14008,2014-01-12 23:14:00,2014-01-12 23:15:09,0,0,0,0
GM14009,2014-01-12 23:42:27,2014-01-12 23:44:37,0,0,0,0
CINTNL3001337,2014-02-18 03:33:09,2014-02-18 03:37:22,0,0,0,0
ER14094,2014-01-21 08:11:02,2014-01-21 08:12:58,0,0,0,0
CINTNL3000120,2014-02-12 03:55:06,2014-02-12 03:57:02,0,0,0,0
mjohnsontest,2014-02-23 12:33:19,2014-02-23 12:34:56,0,0,0,0
CINTNL3000126,2014-02-12 03:56:14,2014-02-12 04:01:12,1,0,0,1
FF14170,2014-01-19 06:22:38,2014-01-19 06:23:13,0,0,0,0
FF14177,2014-01-19 09:24:38,2014-01-19 09:29:00,1,1,0,0
FF14174,2014-01-19 08:51:09,2014-01-19 08:52:42,0,0,0,0
SSINL2000586,2014-02-12 06:31:06,2014-02-12 06:36:06,6,1,1,0
SSINL2000589,2014-02-12 06:46:06,2014-02-12 06:48:08,1,0,0,0
CINTNL3001206,2014-02-14 14:38:48,2014-02-14 14:44:39,4,0,0,1
SSINL2000744,2014-02-18 15:50:16,2014-02-18 15:52:12,0,0,0,0
CINTNL3000441,2014-02-12 12:24:50,2014-02-12 12:26:03,2,1,0,0
CINTNL3000334,2014-02-12 13:42:54,2014-02-12 13:43:14,0,0,0,0
GMNL10036,2014-02-22 23:42:57,2014-02-22 23:46:02,0,0,0,0
GMNL10035,2014-02-22 23:33:15,2014-02-22 23:36:22,0,0,0,0
GMNL10034,2014-02-22 23:12:17,2014-02-22 23:15:36,0,0,0,0
GMNL10033,2014-02-22 22:56:36,2014-02-22 23:02:02,1,0,0,1
GMNL10032,2014-02-22 22:34:51,2014-02-22 22:37:43,1,0,0,1
GMNL10031,2014-02-22 22:18:45,2014-02-22 22:22:59,1,0,0,1
GMNL10030,2014-02-22 21:52:45,2014-02-22 21:57:21,1,0,0,1
GMNL10039,2014-02-23 00:36:04,2014-02-23 00:39:25,0,0,0,0
GMNL10038,2014-02-23 00:15:55,2014-02-23 00:20:58,1,0,0,1
CINTNL3000628,2014-02-12 13:50:51,2014-02-12 13:53:03,0,0,0,0
CINTNL3001647,2014-02-19 10:54:48,0000-00-00 00:00:00,0,0,0,0
moj1033,2014-01-09 23:47:37,0000-00-00 00:00:00,0,0,0,0
mj16,2014-02-23 17:44:35,0000-00-00 00:00:00,0,0,0,0
SSINL2000518,2014-02-12 03:07:28,2014-02-12 03:08:56,0,0,0,0
SSINL2000513,2014-02-12 02:24:13,2014-02-12 02:24:28,0,0,0,0
CINTNL3001053,2014-02-13 13:05:22,2014-02-13 13:07:03,0,0,0,0
CINTNL3001119,2014-02-13 16:13:14,2014-02-13 16:17:17,0,0,0,0
mj13,2014-02-23 17:29:25,0000-00-00 00:00:00,2,0,0,1
SSINL2000048,2014-01-20 12:05:57,2014-01-20 12:07:21,0,0,0,0
mj40,,2014-02-23 18:53:55,0,0,0,0
CINTNL3000193,2014-02-12 05:46:43,2014-02-12 05:47:06,0,0,0,0
michellej,2014-02-20 21:47:11,2014-02-20 21:48:03,0,0,0,0
CINTNL3000949,2014-02-13 06:45:12,0000-00-00 00:00:00,0,0,0,0
CINTNL3000055,2014-02-12 02:06:30,2014-02-12 02:08:34,2,0,1,0
michellejtest1,,2014-02-23 12:39:19,0,0,0,0
mj18,2014-02-23 17:56:46,2014-02-23 18:01:56,0,0,0,0
CINTNL3000883,2014-02-13 02:53:45,2014-02-13 02:54:57,0,0,0,0
SSINL2000637,2014-02-12 09:15:00,2014-02-12 09:24:11,6,0,1,1
CINTNL3001575,2014-02-19 01:22:55,2014-02-19 01:23:23,0,0,0,0
mj45,,2014-02-23 19:26:05,0,0,0,0
mj47,2014-02-23 19:34:07,2014-02-23 19:34:12,0,0,0,0
mj46,2014-02-23 19:33:11,0000-00-00 00:00:00,0,0,0,0
mj41,2014-02-23 18:54:19,2014-02-23 18:54:33,0,0,0,0
CINTNL3001515,2014-02-18 14:57:36,2014-02-18 14:59:28,2,0,0,1
